Type;Ticket;Symbol;Lots;Buy/sell;Open price;Close price;Open time;Close time;Profit;Swap;Commission;T/P;S/L;Pips;Result;Trade duration (hours);Magic number;Order comment;MAE;MFE;FX Blue Live account
Deposit;60687237;;0;;0;0;2009/08/04 18:36:34;2009/08/04 18:36:34;5000;0;0;0;0;0;n/a;0;0;Deposit;0;0;example
Closed position;60730663;EURCHF;0.12;Sell;1.52714;1.52698;2009/08/05 01:20:27;2009/08/05 03:06:33;1.81;0;0;1.52114;1.53143;1.6;Win;1.77;33333337;;-0.00045;0.0003;example
Closed position;60881925;EURUSD;0.09;Buy;1.44046;1.44149;2009/08/05 23:01:22;2009/08/05 23:48:45;9.27;0;0;1.44546;1.43539;10.3;Win;0.79;77777773;;-0.00009;0.0011;example
Closed position;60884116;EURGBP;0.09;Sell;0.84861;0.8483;2009/08/05 23:21:06;2009/08/06 00:21:09;4.74;0.14;0;0.84361;0.85281;3.1;Win;1;77777773;;-0.00006;0.0011;example
Closed position;60891501;EURCHF;0.09;Sell;1.52978;1.52959;2009/08/06 01:29:37;2009/08/06 03:15:18;1.61;0;0;1.52378;1.53409;1.9;Win;1.76;33333337;;-0.00033;0.00029;example
Closed position;61071423;EURGBP;0.09;Sell;0.85569;0.85509;2009/08/07 00:09:44;2009/08/07 01:57:16;9.08;0;0;0.84969;0.86197;6.0;Win;1.79;33333337;;-0.00006;0.0009;example
Closed position;61074101;EURUSD;0.09;Sell;1.43606;1.43601;2009/08/07 00:40:46;2009/08/07 03:45:06;0.45;0;0;1.43106;1.44317;0.5;Win;3.07;77777773;;-0.00122;0.0004;example
Closed position;61078790;EURCHF;0.09;Sell;1.52881;1.52879;2009/08/07 01:58:30;2009/08/07 03:58:50;0.17;0;0;1.52281;1.5331;0.2;Win;2.01;33333337;;-0.00019;0.0004;example
Closed position;61640898;EURCHF;0.09;Sell;1.53081;1.53062;2009/08/12 00:18:03;2009/08/12 01:52:29;1.58;0;0;1.52481;1.53512;1.9;Win;1.57;33333337;;-0.0004;0.00034;example
Closed position;61886421;EURCHF;0.09;Sell;1.53066;1.52966;2009/08/12 23:01:17;2009/08/12 23:05:03;8.34;0;0;1.52566;1.53526;10.0;Win;0.06;77777773;;0;0;example
Closed position;61887588;USDCHF;0.13;Sell;1.0789;1.07773;2009/08/12 23:02:42;2009/08/12 23:13:41;14.11;0;0;1.0739;1.08467;11.7;Win;0.18;77777773;;0;0;example
Closed position;61897424;EURCHF;0.09;Sell;1.5296;1.5295;2009/08/13 00:51:54;2009/08/13 02:52:26;0.84;0;0;1.5236;1.53395;1;Win;2.01;33333337;;-0.00044;0.00076;example
Closed position;62152444;EURCHF;0.09;Sell;1.52886;1.52874;2009/08/14 00:58:34;2009/08/14 01:58:37;1.01;0;0;1.52286;1.53323;1.2;Win;1;33333337;;-0.00019;0.00029;example
Closed position;62503683;EURGBP;0.09;Sell;0.86208;0.86201;2009/08/18 00:59:57;2009/08/18 02:14:05;1.03;0;0;0.85708;0.8663;0.7;Win;1.24;77777773;;-0.00065;0.00048;example
Closed position;62501107;EURCHF;0.09;Sell;1.51808;1.51803;2009/08/18 00:32:19;2009/08/18 05:31:14;0.42;0;0;1.51208;1.52241;0.5;Win;4.98;33333337;;-0.00125;0.00038;example
Closed position;62728725;USDCHF;0.13;Sell;1.07606;1.07533;2009/08/19 00:17:05;2009/08/19 01:28:02;8.83;0;0;1.07006;1.08246;7.3;Win;1.18;33333337;;-0.00023;0.00351;example
Closed position;62730772;EURCHF;0.09;Sell;1.52045;1.52009;2009/08/19 00:32:37;2009/08/19 01:52:29;3.02;0;0;1.51445;1.52478;3.6;Win;1.33;33333337;;-0.00052;0.00098;example
Closed position;62747251;EURCHF;0.09;Buy;1.51984;1.52064;2009/08/19 01:53:44;2009/08/19 03:01:49;6.7;0;0;1.52584;1.51553;8.0;Win;1.13;33333337;;-0.00019;0.00098;example
Closed position;63066240;EURGBP;0.09;Sell;0.86084;0.86037;2009/08/20 00:41:19;2009/08/20 01:46:37;7;0;0;0.85484;0.86717;4.7;Win;1.09;33333337;;-0.00004;0.00069;example
Closed position;63066966;USDCHF;0.13;Sell;1.06548;1.06469;2009/08/20 00:45:21;2009/08/20 01:55:48;9.65;0;0;1.05948;1.07188;7.9;Win;1.17;33333337;;-0.00059;0.00148;example
Closed position;63067020;EURCHF;0.09;Sell;1.51645;1.51792;2009/08/20 00:45:24;2009/08/20 05:45:33;-12.39;0;0;1.51045;1.52079;-14.7;Loss;5;33333337;;-0.0016;0.00059;example
Closed position;63306098;USDCHF;0.13;Sell;1.06374;1.06347;2009/08/20 23:12:52;2009/08/21 00:13:25;3.3;-0.16;0;1.05874;1.06842;2.7;Win;1.01;77777773;;-0.00011;0.00186;example
Closed position;63313215;EURUSD;0.09;Sell;1.42615;1.42549;2009/08/21 00:36:07;2009/08/21 02:00:07;5.94;0;0;1.42115;1.43038;6.6;Win;1.4;77777773;;-0.00075;0.00105;example
Closed position;63313998;EURCHF;0.18;Sell;1.51539;1.51528;2009/08/21 00:43:46;2009/08/21 02:20:13;1.87;0;0;1.50939;1.5198;1.1;Win;1.61;33333337;;-0.00052;0.00036;example
Closed position;63313504;USDCHF;0.13;Buy;1.06248;1.06341;2009/08/21 00:38:11;2009/08/21 02:38:56;11.37;0;0;1.06848;1.05608;9.3;Win;2.01;33333337;;-0.0005;0.0011;example
Closed position;63808574;EURCHF;0.09;Sell;1.51796;1.51775;2009/08/26 00:22:56;2009/08/26 01:31:03;1.78;0;0;1.51196;1.52232;2.1;Win;1.14;33333337;;-0.00022;0.00065;example
Closed position;63815592;EURGBP;0.09;Sell;0.87537;0.87536;2009/08/26 01:51:54;2009/08/26 02:52:31;0.15;0;0;0.87037;0.87957;0.1;Win;1.01;77777773;;-0.00028;0.00028;example
Closed position;63807882;USDCHF;0.13;Sell;1.06155;1.06154;2009/08/26 00:09:44;2009/08/26 07:41:21;0.12;0;0;1.05555;1.06781;0.1;Win;7.53;33333337;;-0.00121;0.00063;example
Closed position;63809851;EURGBP;0.09;Sell;0.8748;0.87828;2009/08/26 00:58:06;2009/08/26 12:58:10;-51.02;0;0;0.8688;0.88108;-34.8;Loss;12;33333337;;-0.00375;0.00019;example
Closed position;63964548;EURCHF;0.09;Sell;1.52202;1.52183;2009/08/27 00:42:57;2009/08/27 01:45:24;1.6;0;0;1.51602;1.5264;1.9;Win;1.04;33333337;;-0.0005;0.00057;example
Closed position;64122568;EURGBP;0.18;Buy;0.88087;0.88147;2009/08/27 23:00:01;2009/08/27 23:05:10;17.56;0;0;0.88587;0.8764;6.0;Win;0.09;77777773;;0;0;example
Closed position;64126850;EURCHF;0.09;Sell;1.51939;1.51914;2009/08/28 00:00:56;2009/08/28 01:02:31;2.13;0;0;1.51339;1.52382;2.5;Win;1.03;33333337;;-0.00025;0.00046;example
Closed position;64129900;EURGBP;0.18;Sell;0.88198;0.88192;2009/08/28 00:56:47;2009/08/28 07:55:01;1.76;0;0;0.87598;0.8883;0.6;Win;6.97;33333337;;-0.00103;0.00067;example
Closed position;64593610;EURCHF;0.09;Sell;1.5159;1.51545;2009/09/01 23:40:29;2009/09/02 00:51:51;3.8;-0.13;0;1.5099;1.52018;4.5;Win;1.19;33333337;;-0.00019;0.00157;example
Closed position;64600288;EURGBP;0.09;Sell;0.88041;0.88038;2009/09/02 01:21:06;2009/09/02 02:33:19;0.43;0;0;0.87541;0.88471;0.3;Win;1.2;77777773;;-0.00078;0.00052;example
Closed position;64603598;EURCHF;0.09;Sell;1.51541;1.5154;2009/09/02 01:38:32;2009/09/02 03:42:41;0.08;0;0;1.50941;1.51977;0.1;Win;2.07;33333337;;-0.00061;0.00051;example
Closed position;64817474;EURGBP;0.09;Sell;0.87737;0.87674;2009/09/03 01:00:03;2009/09/03 01:59:57;9.24;0;0;0.87237;0.88207;6.3;Win;1;77777773;;0;0;example
Closed position;64811668;EURCHF;0.09;Sell;1.5134;1.51339;2009/09/03 00:02:06;2009/09/03 02:21:40;0.08;0;0;1.5074;1.51776;0.1;Win;2.33;33333337;;-0.00064;0.00111;example
Closed position;64816089;EURGBP;0.09;Sell;0.87706;0.87705;2009/09/03 00:52:17;2009/09/03 05:30:38;0.15;0;0;0.87106;0.88339;0.1;Win;4.64;33333337;;-0.00115;0.00054;example
Closed position;64983619;EURCHF;0.09;Sell;1.51428;1.51427;2009/09/04 00:36:21;2009/09/04 03:01:13;0.09;0;0;1.50828;1.51866;0.1;Win;2.41;33333337;;-0.00041;0.00033;example
Closed position;65257233;USDCHF;0.13;Sell;1.05999;1.05975;2009/09/08 00:16:09;2009/09/08 01:20:14;2.94;0;0;1.05399;1.06639;2.4;Win;1.07;33333337;;-0.00028;0.00058;example
Closed position;65258406;EURCHF;0.09;Sell;1.51944;1.51936;2009/09/08 00:22:48;2009/09/08 01:35:36;0.68;0;0;1.51344;1.52376;0.8;Win;1.21;33333337;;-0.00036;0.00034;example
Closed position;65257899;EURGBP;0.09;Sell;0.87749;0.87747;2009/09/08 00:20:16;2009/09/08 01:48:59;0.3;0;0;0.87249;0.88174;0.2;Win;1.48;77777773;;-0.00034;0.00061;example
Closed position;65256784;EURGBP;0.09;Sell;0.87733;0.87679;2009/09/08 00:07:53;2009/09/08 07:10:02;7.95;0;0;0.87133;0.88383;5.4;Win;7.04;33333337;;-0.00052;0.00135;example
Closed position;65464063;EURUSD;0.09;Sell;1.45018;1.45011;2009/09/09 00:42:07;2009/09/09 02:00:04;0.63;0;0;1.44518;1.45437;0.7;Win;1.3;77777773;;-0.00083;0.00046;example
Closed position;65459986;USDCHF;0.13;Buy;1.04579;1.04581;2009/09/08 23:51:12;2009/09/09 02:00:06;0.25;0.02;0;1.05079;1.04239;0.2;Win;2.15;77777773;;-0.00074;0.00097;example
Closed position;65465535;EURUSD;0.09;Sell;1.45027;1.44942;2009/09/09 00:55:43;2009/09/09 02:08:17;7.65;0;0;1.44427;1.45609;8.5;Win;1.21;33333337;;-0.00074;0.00099;example
Closed position;65463728;EURGBP;0.09;Sell;0.87852;0.87792;2009/09/09 00:39:06;2009/09/09 02:45:29;8.92;0;0;0.87252;0.88477;6.0;Win;2.11;33333337;;-0.00004;0.00104;example
Closed position;65462030;EURCHF;0.09;Sell;1.51678;1.51677;2009/09/09 00:14:50;2009/09/09 03:18:37;0.08;0;0;1.51078;1.52112;0.1;Win;3.06;33333337;;-0.00023;0.00054;example
Closed position;65649316;EURCHF;0.09;Sell;1.51561;1.51546;2009/09/10 01:31:19;2009/09/10 03:30:20;1.29;0;0;1.50961;1.51991;1.5;Win;1.98;33333337;;-0.00034;0.00031;example
Closed position;65871607;EURCHF;0.09;Sell;1.51436;1.51423;2009/09/11 00:00:10;2009/09/11 01:12:57;1.12;0;0;1.50836;1.51864;1.3;Win;1.21;33333337;;-0.0004;0.00037;example
Closed position;65882324;EURCHF;0.09;Sell;1.51436;1.51414;2009/09/11 01:53:26;2009/09/11 03:19:04;1.91;0;0;1.50836;1.51866;2.2;Win;1.43;33333337;;-0.00029;0.00031;example
Closed position;65872251;USDCHF;0.13;Sell;1.03884;1.0385;2009/09/11 00:05:05;2009/09/11 04:05:01;4.26;0;0;1.03284;1.04524;3.4;Win;4;33333337;;-0.00028;0.00269;example
Closed position;66279515;EURGBP;0.09;Buy;0.88177;0.88238;2009/09/14 23:01:02;2009/09/14 23:09:41;9.09;0;0;0.88677;0.87434;6.1;Win;0.14;77777773;;0;0;example
Closed position;66286221;EURGBP;0.09;Sell;0.88238;0.88167;2009/09/15 00:53:45;2009/09/15 01:03:12;10.61;0;0;0.87638;0.8887;7.1;Win;0.16;33333337;;-0.00004;0.00156;example
Closed position;66286212;EURCHF;0.09;Sell;1.51274;1.51252;2009/09/15 00:53:40;2009/09/15 01:53:43;1.91;0;0;1.50674;1.51709;2.2;Win;1;33333337;;-0.00027;0.00054;example
Closed position;66292580;EURCHF;0.09;Buy;1.51201;1.51282;2009/09/15 01:58:04;2009/09/15 02:28:47;7.05;0;0;1.51801;1.50773;8.1;Win;0.51;33333337;;-0.00025;0.00083;example
Closed position;66287884;EURGBP;0.09;Buy;0.88149;0.87971;2009/09/15 01:03:19;2009/09/15 04:03:22;-26.62;0;0;0.88649;0.87434;-17.8;Loss;3;77777773;;-0.00222;0.00008;example
Closed position;66470516;EURUSD;0.09;Sell;1.46718;1.46614;2009/09/16 00:28:35;2009/09/16 01:06:25;9.36;0;0;1.46218;1.47141;10.4;Win;0.63;77777773;;-0.00009;0.00119;example
Closed position;66469127;EURGBP;0.18;Sell;0.88925;0.88981;2009/09/16 00:05:02;2009/09/16 12:14:18;-16.64;0;0;0.88325;0.89551;-5.6;Loss;12.15;33333337;;-0.00379;0.00065;example
Closed position;66640002;USDCHF;0.13;Sell;1.03193;1.03192;2009/09/17 00:00:17;2009/09/17 04:14:01;0.13;0;0;1.02593;1.03833;0.1;Win;4.23;33333337;;-0.00068;0.00139;example
Closed position;66643086;EURCHF;0.09;Sell;1.5181;1.51801;2009/09/17 00:51:04;2009/09/17 04:52:38;0.79;0;0;1.5121;1.52246;0.9;Win;4.03;33333337;;-0.00093;0.00048;example
Closed position;66641259;EURGBP;0.18;Sell;0.89257;0.89248;2009/09/17 00:12:13;2009/09/17 07:35:02;2.68;0;0;0.88657;0.89884;0.9;Win;7.38;33333337;;-0.00082;0.00057;example
Closed position;66812068;EURGBP;0.18;Sell;0.89642;0.8964;2009/09/18 01:59:32;2009/09/18 02:59:37;0.59;0;0;0.89142;0.90063;0.2;Win;1;77777773;;-0.00043;0.00039;example
Closed position;66811894;EURCHF;0.09;Sell;1.51613;1.51611;2009/09/18 01:58:47;2009/09/18 06:57:42;0.18;0;0;1.51013;1.52041;0.2;Win;4.98;33333337;;-0.00073;0.00021;example
Closed position;66808209;USDCHF;0.13;Sell;1.02868;1.02866;2009/09/18 00:53:13;2009/09/18 15:20:52;0.25;0;0;1.02268;1.03494;0.2;Win;14.46;33333337;;-0.00602;0.00082;example
Closed position;67113978;EURCHF;0.09;Sell;1.51544;1.51537;2009/09/22 00:27:53;2009/09/22 02:38:39;0.61;0;0;1.50944;1.51972;0.7;Win;2.18;33333337;;-0.00044;0.0003;example
Closed position;67115497;EURUSD;0.09;Sell;1.46819;1.4714;2009/09/22 00:45:42;2009/09/22 03:12:09;-28.89;0;0;1.46219;1.4714;-32.1;Loss;2.44;33333337;;-0.00334;0.00026;example
Closed position;67272110;EURCHF;0.09;Sell;1.51441;1.5139;2009/09/23 00:50:09;2009/09/23 01:23:56;4.5;0;0;1.50841;1.51871;5.1;Win;0.56;33333337;;-0.00035;0.00081;example
Closed position;67281020;EURGBP;0.18;Sell;0.90475;0.90414;2009/09/23 01:25:13;2009/09/23 01:30:49;18.01;0;0;0.89975;0.90925;6.1;Win;0.09;77777773;;0;0;example
Closed position;67280425;EURCHF;0.09;Buy;1.51317;1.51371;2009/09/23 01:24:53;2009/09/23 01:47:25;4.75;0;0;1.51817;1.50889;5.4;Win;0.38;77777773;;-0.00128;0.0015;example
Closed position;67278454;EURCHF;0.09;Buy;1.51407;1.51416;2009/09/23 01:23:32;2009/09/23 03:23:45;0.79;0;0;1.52007;1.50979;0.9;Win;2;33333337;;-0.00218;0.0006;example
Closed position;67457129;EURGBP;0.18;Buy;0.90015;0.90077;2009/09/23 23:59:14;2009/09/24 00:29:02;18.23;-0.35;0;0.90515;0.89592;6.2;Win;0.5;77777773;;-0.00057;0.00072;example
Closed position;67454675;USDCHF;0.13;Sell;1.02829;1.02761;2009/09/23 23:46:19;2009/09/24 00:46:21;8.6;-0.3;0;1.02329;1.03169;6.8;Win;1;77777773;;-0.00175;0.00109;example
Closed position;67467881;EURCHF;0.09;Sell;1.51312;1.51244;2009/09/24 01:14:31;2009/09/24 02:14:37;5.96;0;0;1.50712;1.51742;6.8;Win;1;33333337;;-0.00019;0.00078;example
Closed position;67694423;EURGBP;0.18;Sell;0.91339;0.91765;2009/09/25 00:48:40;2009/09/25 01:51:20;-122.25;0;0;0.90839;0.91765;-42.6;Loss;1.04;77777773;;-0.00584;0.0001;example
Closed position;67692479;EURGBP;0.18;Sell;0.91303;0.9193;2009/09/25 00:25:58;2009/09/25 01:55:36;-179.83;0;0;0.90703;0.9193;-62.7;Loss;1.49;33333337;;-0.00627;-0.00004;example
Closed position;67695616;USDCHF;0.13;Sell;1.0299;1.02989;2009/09/25 00:55:00;2009/09/25 01:58:04;0.13;0;0;1.0239;1.0363;0.1;Win;1.05;33333337;;-0.00162;0.00082;example
Closed position;67703632;EURCHF;0.09;Buy;1.50846;1.50936;2009/09/25 01:52:20;2009/09/25 03:42:07;7.85;0;0;1.51446;1.50418;9.0;Win;1.83;33333337;;-0.00059;0.0009;example
Closed position;68148097;EURUSD;0.18;Sell;1.46254;1.46152;2009/09/28 23:14:42;2009/09/28 23:38:43;18.36;0;0;1.45754;1.46957;10.2;Win;0.4;77777773;;-0.00009;0.00125;example
Closed position;68147205;EURGBP;0.18;Sell;0.92054;0.92052;2009/09/28 23:03:25;2009/09/29 01:36:05;0.57;0.11;0;0.91554;0.92772;0.2;Win;2.54;77777773;;-0.00038;0.00059;example
Closed position;68151599;EURCHF;0.09;Sell;1.50945;1.50942;2009/09/29 00:13:28;2009/09/29 02:43:21;0.26;0;0;1.50345;1.51388;0.3;Win;2.5;33333337;;-0.0008;0.00017;example
Closed position;68673745;EURCHF;0.09;Sell;1.51368;1.51362;2009/10/02 00:47:16;2009/10/02 02:10:03;0.52;0;0;1.50768;1.51809;0.6;Win;1.38;33333337;;-0.00045;0.0003;example
Closed position;68668892;EURGBP;0.18;Sell;0.91207;0.91316;2009/10/01 23:54:54;2009/10/02 02:54:59;-31.19;0.09;0;0.90707;0.91778;-10.9;Loss;3;77777773;;-0.00176;0.00031;example
Closed position;68672147;USDCHF;0.12;Sell;1.04154;1.04153;2009/10/02 00:39:01;2009/10/02 03:59:07;0.12;0;0;1.03554;1.04794;0.1;Win;3.34;33333337;;-0.00207;0.00084;example
Closed position;68669822;EURGBP;0.18;Sell;0.91218;0.91598;2009/10/02 00:05:30;2009/10/02 12:06:58;-108.66;0;0;0.90618;0.91848;-38.0;Loss;12.02;33333337;;-0.00559;0.00001;example
Closed position;68963652;USDCHF;0.12;Sell;1.03211;1.03168;2009/10/06 00:12:18;2009/10/06 01:40:05;5;0;0;1.02611;1.03851;4.3;Win;1.46;33333337;;-0.00011;0.00088;example
Closed position;68966731;EURCHF;0.08;Sell;1.5121;1.51204;2009/10/06 01:06:01;2009/10/06 03:12:39;0.47;0;0;1.5061;1.51644;0.6;Win;2.11;33333337;;-0.00045;0.00075;example
Closed position;68962748;EURGBP;0.18;Sell;0.91927;0.91925;2009/10/06 00:00:45;2009/10/06 09:36:48;0.58;0;0;0.91327;0.9257;0.2;Win;9.6;33333337;;-0.00309;0.00175;example
Closed position;69142604;EURCHF;0.09;Sell;1.51177;1.51174;2009/10/07 00:01:59;2009/10/07 01:14:14;0.27;0;0;1.50577;1.51614;0.3;Win;1.2;33333337;;-0.00019;0.00037;example
Closed position;69149286;EURCHF;0.09;Sell;1.51166;1.51223;2009/10/07 01:45:49;2009/10/07 06:45:54;-4.99;0;0;1.50566;1.51594;-5.7;Loss;5;33333337;;-0.00072;0.00018;example
Closed position;69327506;EURCHF;0.18;Sell;1.51757;1.51736;2009/10/08 00:07:30;2009/10/08 01:28:30;3.66;0;0;1.51157;1.52193;2.1;Win;1.35;33333337;;-0.00019;0.00041;example
Closed position;69334539;EURGBP;0.18;Sell;0.92111;0.92108;2009/10/08 01:31:56;2009/10/08 02:45:30;0.86;0;0;0.91611;0.92766;0.3;Win;1.23;77777773;;-0.00128;0.00066;example
Closed position;69336462;EURCHF;0.16;Sell;1.51758;1.51756;2009/10/08 01:49:23;2009/10/08 03:57:36;0.31;0;0;1.51158;1.52186;0.2;Win;2.14;33333337;;-0.00035;0.00037;example
Closed position;69511390;EURGBP;0.18;Sell;0.92045;0.92044;2009/10/08 23:00:06;2009/10/09 00:12:40;0.29;0.12;0;0.91545;0.92474;0.1;Win;1.21;77777773;;-0.00015;0.00052;example
Closed position;69521117;EURCHF;0.16;Sell;1.51784;1.5184;2009/10/09 01:03:53;2009/10/09 06:04:09;-8.69;0;0;1.51184;1.52221;-5.6;Loss;5;33333337;;-0.00065;0.0003;example
Closed position;69516715;USDCHF;0.12;Sell;1.02627;1.03267;2009/10/09 00:05:50;2009/10/09 15:04:44;-74.37;0;0;1.02027;1.03267;-64.0;Loss;14.98;33333337;;-0.00657;-0.00011;example
Closed position;69871266;EURGBP;0.16;Sell;0.93558;0.93498;2009/10/13 00:22:33;2009/10/13 01:18:24;15.19;0;0;0.92958;0.94196;6.0;Win;0.93;33333337;;-0.00004;0.00095;example
Closed position;69873385;EURUSD;0.16;Sell;1.47819;1.47818;2009/10/13 00:54:34;2009/10/13 02:40:35;0.16;0;0;1.47219;1.48135;0.1;Win;1.77;33333337;;-0.0018;0.00047;example
Closed position;69874825;EURCHF;0.16;Sell;1.51714;1.51712;2009/10/13 01:18:21;2009/10/13 03:18:23;0.31;0;0;1.51114;1.52146;0.2;Win;2;33333337;;-0.00029;0.00045;example
Closed position;70264070;EURGBP;0.16;Buy;0.93328;0.93329;2009/10/14 23:42:16;2009/10/15 00:48:34;0.26;-0.54;0;0.93828;0.92903;0.1;Loss;1.1;77777773;;-0.00054;0.00005;example
Closed position;70270853;EURCHF;0.16;Sell;1.51485;1.51473;2009/10/15 00:44:02;2009/10/15 01:50:02;1.89;0;0;1.50885;1.51922;1.2;Win;1.1;33333337;;-0.0005;0.00028;example
Closed position;70267041;EURUSD;0.16;Sell;1.49357;1.49352;2009/10/15 00:01:56;2009/10/15 09:27:46;0.8;0;0;1.48757;1.50022;0.5;Win;9.43;33333337;;-0.00308;0.00122;example
Closed position;70486536;EURGBP;0.16;Sell;0.91857;0.91856;2009/10/15 23:00:05;2009/10/16 00:28:11;0.26;0.13;0;0.91357;0.93078;0.1;Win;1.47;77777773;;-0.0002;0.00143;example
Closed position;70491689;EURGBP;0.16;Sell;0.91859;0.91796;2009/10/16 00:00:45;2009/10/16 00:55:01;16.42;0;0;0.91259;0.92493;6.3;Win;0.9;33333337;;0;0;example
Closed position;70492267;EURCHF;0.16;Sell;1.51674;1.51651;2009/10/16 00:03:47;2009/10/16 01:55:03;3.62;0;0;1.51074;1.52113;2.3;Win;1.85;33333337;;-0.00026;0.00054;example
Closed position;70498497;EURGBP;0.16;Buy;0.91752;0.91568;2009/10/16 00:56:32;2009/10/16 03:56:39;-48.07;0;0;0.92252;0.91324;-18.4;Loss;3;77777773;;-0.00262;-0.00004;example
Closed position;70498094;EURGBP;0.16;Buy;0.91767;0.91132;2009/10/16 00:55:11;2009/10/16 10:39:55;-166.22;0;0;0.92367;0.91132;-63.5;Loss;9.75;33333337;;-0.00811;-0.00004;example
Closed position;70880362;EURUSD;0.16;Sell;1.49727;1.49625;2009/10/19 23:02:08;2009/10/19 23:10:39;16.32;0;0;1.49227;1.5015;10.2;Win;0.14;77777773;;-0.00009;0.00168;example
Closed position;70880561;USDCHF;0.24;Buy;1.01059;1.01159;2009/10/19 23:02:14;2009/10/19 23:12:41;23.73;0;0;1.01559;1.00719;10.0;Win;0.17;77777773;;0;0;example
Closed position;70880961;EURGBP;0.16;Buy;0.91184;0.91186;2009/10/19 23:02:40;2009/10/20 00:24:29;0.53;-0.16;0;0.91684;0.90752;0.2;Win;1.36;77777773;;-0.00094;0.00065;example
Closed position;70893268;EURGBP;0.16;Sell;0.91213;0.91211;2009/10/20 00:25:40;2009/10/20 01:27:41;0.53;0;0;0.90713;0.919;0.2;Win;1.03;77777773;;-0.00042;0.00059;example
Closed position;70899286;EURCHF;0.16;Sell;1.51364;1.51362;2009/10/20 01:12:33;2009/10/20 03:14:54;0.32;0;0;1.50764;1.51794;0.2;Win;2.04;33333337;;-0.00039;0.00022;example
Closed position;71307544;EURCHF;0.16;Sell;1.51033;1.51027;2009/10/22 01:06:17;2009/10/22 03:33:09;0.95;0;0;1.50433;1.51464;0.6;Win;2.45;33333337;;-0.00056;0.00027;example
Closed position;71491845;EURGBP;0.16;Sell;0.90476;0.9034;2009/10/23 01:16:23;2009/10/23 02:04:44;36.25;0;0;0.89976;0.90901;13.6;Win;0.81;77777773;;-0.00004;0.00261;example
Closed position;71486197;EURCHF;0.16;Sell;1.51022;1.51201;2009/10/23 00:00:26;2009/10/23 05:00:30;-28.47;0;0;1.50422;1.5146;-17.9;Loss;5;33333337;;-0.00185;0.00033;example
Closed position;71985818;EURGBP;0.16;Sell;0.91125;0.91077;2009/10/26 22:57:30;2009/10/26 23:57:33;12.54;0;0;0.90625;0.92354;4.8;Win;1;77777773;;-0.00004;0.00092;example
Closed position;71992974;USDCHF;0.24;Sell;1.01896;1.01889;2009/10/26 23:57:42;2009/10/27 01:00:02;1.65;-0.19;0;1.01396;1.02236;0.7;Win;1.04;77777773;;-0.00032;0.00059;example
Closed position;71993124;EURCHF;0.16;Sell;1.51453;1.51424;2009/10/26 23:57:47;2009/10/27 01:00:02;4.56;-0.2;0;1.50853;1.51887;2.9;Win;1.04;33333337;;-0.00029;0.00049;example
Closed position;71996585;EURGBP;0.16;Sell;0.91139;0.91138;2009/10/27 00:11:21;2009/10/27 01:18:01;0.26;0;0;0.90639;0.9236;0.1;Win;1.11;77777773;;-0.00045;0.00175;example
Closed position;71992908;USDCHF;0.24;Sell;1.01888;1.01802;2009/10/26 23:57:39;2009/10/27 01:38:56;20.27;-0.19;0;1.01288;1.02528;8.6;Win;1.69;33333337;;-0.00105;0.00106;example
Closed position;72214729;EURUSD;0.16;Sell;1.48091;1.48063;2009/10/27 22:11:24;2009/10/27 23:50:56;4.48;0;0;1.47591;1.49277;2.8;Win;1.66;77777773;;-0.00069;0.00102;example
Closed position;72213583;EURGBP;0.16;Sell;0.90415;0.90414;2009/10/27 22:03:29;2009/10/28 00:10:49;0.27;0.1;0;0.89915;0.91359;0.1;Win;2.12;77777773;;-0.00036;0.00078;example
Closed position;72449412;EURGBP;0.16;Buy;0.89751;0.89815;2009/10/28 23:24:36;2009/10/28 23:32:19;16.78;0;0;0.90251;0.89323;6.4;Win;0.13;77777773;;0;0;example
Closed position;72446915;EURUSD;0.16;Sell;1.47221;1.47172;2009/10/28 22:57:56;2009/10/29 00:00:01;7.84;-0.24;0;1.46721;1.48414;4.9;Win;1.03;77777773;;-0.00038;0.00077;example
Closed position;72449065;EURGBP;0.16;Buy;0.89769;0.8983;2009/10/28 23:24:28;2009/10/29 00:35:33;15.99;-0.39;0;0.90369;0.89148;6.1;Win;1.18;33333337;;-0.00007;0.00094;example
Closed position;72452772;EURCHF;0.16;Sell;1.51074;1.51037;2009/10/29 00:02:18;2009/10/29 01:38:20;5.77;0;0;1.50474;1.51506;3.7;Win;1.6;33333337;;-0.00031;0.00064;example
Closed position;72458315;EURGBP;0.16;Sell;0.89863;0.89857;2009/10/29 00:57:19;2009/10/29 02:01:49;1.57;0;0;0.89363;0.90686;0.6;Win;1.08;77777773;;-0.00052;0.0007;example
Closed position;73115861;EURGBP;0.16;Buy;0.89995;0.90059;2009/11/02 23:02:36;2009/11/02 23:26:16;16.79;0;0;0.90495;0.8951;6.4;Win;0.39;77777773;;0;0;example
Closed position;73115691;EURGBP;0.16;Buy;0.90029;0.90095;2009/11/02 23:02:26;2009/11/03 00:04:33;17.31;-0.16;0;0.90629;0.89387;6.6;Win;1.04;33333337;;-0.00004;0.00114;example
Closed position;73116742;USDCHF;0.24;Sell;1.02238;1.02154;2009/11/02 23:09:20;2009/11/03 01:05:01;19.73;-0.16;0;1.01638;1.02878;8.4;Win;1.93;33333337;;-0.00011;0.00285;example
Closed position;73121445;EURGBP;0.16;Sell;0.90098;0.90269;2009/11/03 00:04:46;2009/11/03 03:04:48;-44.87;0;0;0.89598;0.90524;-17.1;Loss;3;77777773;;-0.00218;0.00001;example
Closed position;73117440;EURCHF;0.16;Sell;1.50966;1.51043;2009/11/02 23:19:07;2009/11/03 04:19:10;-12.07;-0.19;0;1.50366;1.51394;-7.7;Loss;5;33333337;;-0.00084;0.00028;example
Closed position;73379076;EURUSD;0.16;Sell;1.47229;1.47168;2009/11/03 22:33:58;2009/11/03 23:39:10;9.76;0;0;1.46729;1.48111;6.1;Win;1.09;77777773;;-0.00106;0.00071;example
Closed position;73375264;EURGBP;0.16;Buy;0.89586;0.89587;2009/11/03 22:03:03;2009/11/03 23:39:26;0.26;0;0;0.90086;0.89166;0.1;Win;1.61;77777773;;-0.00087;0.00029;example
Closed position;73384440;EURGBP;0.16;Buy;0.89543;0.89603;2009/11/03 23:03:27;2009/11/03 23:39:53;15.76;0;0;0.90143;0.88901;6.0;Win;0.61;33333337;;0;0;example
Closed position;73390600;EURGBP;0.16;Sell;0.8963;0.89629;2009/11/04 00:02:15;2009/11/04 01:54:22;0.26;0;0;0.8913;0.90612;0.1;Win;1.87;77777773;;-0.00073;0.00018;example
Closed position;73393331;EURCHF;0.16;Sell;1.51049;1.51138;2009/11/04 00:29:35;2009/11/04 05:29:36;-13.89;0;0;1.50449;1.51481;-8.9;Loss;5;33333337;;-0.00137;0.00001;example
Closed position;73611164;EURGBP;0.16;Sell;0.89803;0.89802;2009/11/04 22:09:07;2009/11/05 00:20:10;0.26;0.32;0;0.89303;0.90228;0.1;Win;2.18;77777773;;-0.00062;0.00068;example
Closed position;73619810;EURGBP;0.16;Sell;0.89847;0.89787;2009/11/04 23:19:31;2009/11/05 00:30:03;15.9;0.32;0;0.89247;0.9048;6.0;Win;1.18;33333337;;-0.00004;0.00112;example
Closed position;73819303;EURGBP;0.16;Sell;0.89738;0.89734;2009/11/06 00:41:30;2009/11/06 01:43:49;1.06;0;0;0.89238;0.9016;0.4;Win;1.04;77777773;;-0.00042;0.00092;example
Closed position;73820234;EURCHF;0.16;Sell;1.51141;1.51139;2009/11/06 00:55:13;2009/11/06 02:55:15;0.31;0;0;1.50541;1.5157;0.2;Win;2;33333337;;-0.00069;0.00019;example
Closed position;74230888;USDCHF;0.24;Sell;1.0082;1.00748;2009/11/09 23:36:05;2009/11/10 00:17:41;17.15;-0.14;0;1.0022;1.01452;7.2;Win;0.69;33333337;;-0.00011;0.00133;example
Closed position;74230020;EURUSD;0.16;Sell;1.50005;1.49954;2009/11/09 23:17:25;2009/11/10 01:38:22;8.16;-0.06;0;1.49405;1.50331;5.1;Win;2.35;33333337;;-0.00125;0.00137;example
Closed position;74237127;EURCHF;0.16;Sell;1.51158;1.51172;2009/11/10 00:33:03;2009/11/10 05:33:09;-2.22;0;0;1.50558;1.51586;-1.4;Loss;5;33333337;;-0.00027;0.00011;example
Closed position;74423371;EURCHF;0.16;Sell;1.51037;1.51034;2009/11/10 23:00:05;2009/11/11 00:02:54;0.48;-0.21;0;1.50437;1.51466;0.3;Win;1.05;33333337;;-0.00025;0.00025;example
Closed position;74430037;EURCHF;0.16;Sell;1.51046;1.51026;2009/11/11 00:22:38;2009/11/11 02:01:22;3.18;0;0;1.50446;1.51477;2.0;Win;1.65;33333337;;-0.00019;0.00041;example
Closed position;74629466;EURCHF;0.16;Sell;1.5103;1.5107;2009/11/12 00:06:47;2009/11/12 05:12:02;-6.35;0;0;1.5043;1.5146;-4;Loss;5.09;33333337;;-0.00055;-0.00009;example
Closed position;74845721;EURGBP;0.16;Buy;0.89505;0.89535;2009/11/12 22:01:04;2009/11/12 23:01:08;7.96;0;0;0.90005;0.89085;3.0;Win;1;77777773;;-0.00045;0.00061;example
Closed position;74852840;EURGBP;0.16;Sell;0.89552;0.89491;2009/11/12 22:55:48;2009/11/12 23:34:50;16.18;0;0;0.89052;0.90652;6.1;Win;0.65;77777773;;-0.00018;0.00088;example
Closed position;74857187;USDCHF;0.24;Sell;1.01797;1.0171;2009/11/12 23:24:32;2009/11/13 00:31:01;20.53;-0.19;0;1.01197;1.02423;8.7;Win;1.11;33333337;;-0.00011;0.00134;example
Closed position;74855844;EURCHF;0.16;Sell;1.51078;1.51094;2009/11/12 23:13:39;2009/11/13 04:13:44;-2.52;-0.2;0;1.50478;1.5151;-1.6;Loss;5;33333337;;-0.00034;0.00028;example
Closed position;75432974;USDCHF;0.24;Sell;1.00789;1.00716;2009/11/16 23:58:58;2009/11/17 00:22:06;17.4;-0.21;0;1.00189;1.0142;7.3;Win;0.39;33333337;;-0.00011;0.00134;example
Closed position;75441157;EURCHF;0.16;Sell;1.5089;1.50885;2009/11/17 00:42:10;2009/11/17 02:20:34;0.79;0;0;1.5029;1.5132;0.5;Win;1.64;33333337;;-0.00041;0.00031;example
Closed position;75716411;EURCHF;0.16;Sell;1.5113;1.51176;2009/11/18 00:00:20;2009/11/18 05:00:56;-7.25;0;0;1.5053;1.5156;-4.6;Loss;5.01;33333337;;-0.00053;-0.00009;example
Closed position;76169475;USDCHF;0.24;Sell;1.0136;1.01315;2009/11/19 23:50:26;2009/11/20 01:11:36;10.66;-0.19;0;1.0076;1.0199;4.5;Win;1.35;33333337;;-0.00031;0.00129;example
Closed position;76169629;EURCHF;0.16;Sell;1.51186;1.51185;2009/11/19 23:50:58;2009/11/20 03:32:29;0.16;-0.27;0;1.50586;1.51616;0.1;Loss;3.69;33333337;;-0.00063;0.00033;example
Closed position;76169079;EURGBP;0.16;Sell;0.89553;0.89537;2009/11/19 23:46:20;2009/11/20 06:01:48;4.27;0;0;0.88953;0.90173;1.6;Win;6.26;33333337;;-0.00056;0.00073;example
Closed position;76546182;EURCHF;0.16;Sell;1.51116;1.51113;2009/11/24 00:32:52;2009/11/24 01:32:54;0.47;0;0;1.50516;1.51545;0.3;Win;1;33333337;;-0.00019;0.00022;example
Closed position;76932382;EURGBP;0.16;Sell;0.90606;0.90605;2009/11/25 22:54:34;2009/11/26 00:17:18;0.27;0.08;0;0.90106;0.91031;0.1;Win;1.38;77777773;;-0.00037;0.00073;example
Closed position;76934952;EURGBP;0.16;Sell;0.90611;0.90551;2009/11/25 23:35:23;2009/11/26 01:30:11;16.03;0.08;0;0.90011;0.91235;6.0;Win;1.91;33333337;;-0.00032;0.0019;example
Closed position;76942237;EURCHF;0.16;Sell;1.5083;1.50829;2009/11/26 00:59:47;2009/11/26 01:59:59;0.16;0;0;1.5023;1.51262;0.1;Win;1;33333337;;-0.00022;0.0005;example
Closed position;77171619;EURCHF;0.16;Sell;1.50656;1.50601;2009/11/26 23:10:48;2009/11/27 00:10:50;8.77;-0.26;0;1.50056;1.51116;5.5;Win;1;33333337;;-0.00038;0.00125;example
Closed position;77174001;USDCHF;0.24;Sell;1.00374;1.00315;2009/11/26 23:31:36;2009/11/27 00:31:40;14.12;-0.19;0;0.99774;1.01014;5.9;Win;1;33333337;;-0.00368;0.00123;example
Closed position;77194517;EURCHF;0.16;Buy;1.5045;1.50604;2009/11/27 00:34:09;2009/11/27 00:42:31;24.46;0;0;1.5105;1.50009;15.4;Win;0.14;33333337;;0;0;example
Closed position;77177293;EURGBP;0.16;Sell;0.90969;0.90968;2009/11/26 23:53:46;2009/11/27 01:56:05;0.26;0.03;0;0.90469;0.91404;0.1;Win;2.04;77777773;;-0.00301;0.00045;example
Closed position;77881825;USDCHF;0.26;Sell;0.99958;0.999;2009/12/01 23:52:36;2009/12/02 00:40:55;15.1;-0.21;0;0.99358;1.00595;5.8;Win;0.81;33333337;;-0.00019;0.00076;example
Closed position;77885721;EURCHF;0.16;Sell;1.50731;1.50725;2009/12/02 00:33:09;2009/12/02 02:01:28;0.96;0;0;1.50131;1.51159;0.6;Win;1.47;33333337;;-0.00035;0.00016;example
Closed position;78098001;EURCHF;0.18;Sell;1.5075;1.5082;2009/12/02 23:05:03;2009/12/03 04:05:14;-12.61;-0.69;0;1.5015;1.51189;-7;Loss;5;33333337;;-0.0007;0.00031;example
Closed position;78313885;EURUSD;0.16;Buy;1.50424;1.50541;2009/12/03 23:01:58;2009/12/03 23:35:39;18.72;0;0;1.51024;1.49363;11.7;Win;0.56;33333337;;-0.00018;0.00181;example
Closed position;78304500;EURGBP;0.16;Buy;0.90998;0.91002;2009/12/03 22:08:21;2009/12/03 23:36:04;1.05;0;0;0.91498;0.90381;0.4;Win;1.46;77777773;;-0.00082;0.00036;example
Closed position;78313881;USDCHF;0.24;Sell;1.00154;1.00052;2009/12/03 23:01:57;2009/12/04 00:25:53;24.47;-0.17;0;0.99554;1.00794;10.2;Win;1.4;33333337;;-0.00011;0.00185;example
Closed position;78321890;EURGBP;0.16;Sell;0.91055;0.90995;2009/12/04 00:10:24;2009/12/04 00:26:43;15.9;0;0;0.90555;0.91475;6.0;Win;0.27;77777773;;0;0;example
Closed position;78320198;EURGBP;0.16;Sell;0.91023;0.90967;2009/12/03 23:57:43;2009/12/04 00:50:48;14.84;0.35;0;0.90423;0.91661;5.6;Win;0.88;33333337;;-0.00045;0.00087;example
Closed position;78322834;EURCHF;0.16;Buy;1.50653;1.50654;2009/12/04 00:23:21;2009/12/04 03:51:12;0.16;0;0;1.51253;1.50225;0.1;Win;3.46;33333337;;-0.00056;0.0001;example
Closed position;78303150;EURUSD;0.16;Buy;1.50757;1.50758;2009/12/03 22:02:16;2009/12/04 08:02:21;0.16;0.02;0;1.51257;1.50339;0.1;Win;10;77777773;;-0.00386;0.00001;example
Closed position;78748925;USDCHF;0.24;Sell;1.0198;1.01914;2009/12/07 23:46:43;2009/12/08 00:17:59;15.54;-0.19;0;1.0138;1.02615;6.6;Win;0.52;33333337;;-0.00011;0.00169;example
Closed position;78746669;EURUSD;0.18;Sell;1.48296;1.48271;2009/12/07 23:02:51;2009/12/08 01:04:05;4.5;-0.38;0;1.47796;1.49052;2.5;Win;2.02;77777773;;-0.00162;0.00095;example
Closed position;78746584;EURCHF;0.18;Sell;1.51172;1.5117;2009/12/07 23:02:29;2009/12/08 01:04:06;0.36;-0.58;0;1.50572;1.51602;0.2;Loss;2.03;33333337;;-0.00044;0.00061;example
Closed position;78945247;EURUSD;0.18;Sell;1.471;1.4699;2009/12/08 22:30:51;2009/12/08 23:57:27;19.8;0;0;1.466;1.48617;11;Win;1.44;77777773;;-0.00028;0.00126;example
Closed position;78948847;EURCHF;0.18;Sell;1.51017;1.51003;2009/12/08 23:15:30;2009/12/09 00:16:39;2.45;-0.23;0;1.50417;1.51449;1.4;Win;1.02;33333337;;-0.00019;0.00046;example
Closed position;78951749;EURGBP;0.18;Sell;0.90347;0.90584;2009/12/08 23:51:33;2009/12/09 02:51:36;-69.35;0.09;0;0.89847;0.90947;-23.7;Loss;3;77777773;;-0.00276;0.00045;example
Closed position;79188462;EURGBP;0.18;Buy;0.90468;0.90496;2009/12/09 23:21:01;2009/12/10 00:22:10;8.2;-0.44;0;0.90968;0.90028;2.8;Win;1.02;77777773;;-0.00071;0.001;example
Closed position;79188467;EURGBP;0.18;Buy;0.90468;0.90528;2009/12/09 23:21:02;2009/12/10 00:24:15;17.58;-0.44;0;0.91068;0.89828;6.0;Win;1.05;33333337;;-0.00071;0.001;example
Closed position;79190737;EURUSD;0.16;Sell;1.4741;1.47386;2009/12/09 23:32:18;2009/12/10 01:12:10;3.84;-0.34;0;1.4691;1.4783;2.4;Win;1.66;77777773;;-0.00016;0.00066;example
Closed position;79195682;EURGBP;0.16;Sell;0.90515;0.90436;2009/12/10 00:23:23;2009/12/10 01:31:06;20.63;0;0;0.90015;0.90951;7.9;Win;1.13;77777773;;-0.00029;0.00117;example
Closed position;79185614;EURCHF;0.18;Sell;1.51198;1.51253;2009/12/09 23:04:34;2009/12/10 04:05:00;-9.64;-0.89;0;1.50598;1.5163;-5.5;Loss;5.01;33333337;;-0.00068;0.00029;example
Closed position;79188243;EURUSD;0.18;Sell;1.47388;1.47238;2009/12/09 23:20:40;2009/12/10 05:13:42;27;-0.38;0;1.46788;1.48361;15.0;Win;5.88;33333337;;-0.00219;0.00183;example
Closed position;79399296;EURCHF;0.18;Sell;1.51136;1.51146;2009/12/11 00:37:56;2009/12/11 02:51:01;-1.75;0;0;1.50536;1.51572;-1.0;Loss;2.22;33333337;;-0.00052;0.00013;example
Closed position;79776428;EURUSD;0.18;Sell;1.4661;1.46481;2009/12/14 23:02:58;2009/12/14 23:44:36;23.22;0;0;1.4601;1.46939;12.9;Win;0.69;33333337;;-0.00009;0.00177;example
Closed position;79777985;USDCHF;0.26;Sell;1.03185;1.03166;2009/12/14 23:25:38;2009/12/15 00:25:43;4.79;-0.15;0;1.02585;1.03819;1.9;Win;1;33333337;;-0.00011;0.00069;example
Closed position;79997248;EURGBP;0.18;Sell;0.89367;0.89337;2009/12/15 22:54:57;2009/12/15 23:55:53;8.79;0;0;0.88867;0.90013;3.0;Win;1.02;77777773;;-0.00004;0.00071;example
Closed position;80000845;EURCHF;0.18;Sell;1.51244;1.51343;2009/12/15 23:44:47;2009/12/16 04:44:52;-17.11;-0.29;0;1.50644;1.51673;-9.9;Loss;5;33333337;;-0.00106;0.00019;example
Closed position;80244102;EURCHF;0.18;Sell;1.50944;1.50923;2009/12/17 00:29:09;2009/12/17 02:20:52;3.64;0;0;1.50344;1.51372;2.1;Win;1.86;33333337;;-0.00019;0.00056;example
Closed position;80240862;USDCHF;0.26;Sell;1.03881;1.04521;2009/12/16 23:50:59;2009/12/17 03:50:40;-159.2;-0.75;0;1.03281;1.04521;-64.0;Loss;3.99;33333337;;-0.007;0.00052;example
Closed position;80515454;EURCHF;0.18;Sell;1.50229;1.50121;2009/12/17 23:13:25;2009/12/18 00:12:54;18.53;-0.57;0;1.49629;1.50661;10.8;Win;0.99;33333337;;-0.00044;0.00158;example
Closed position;80515437;USDCHF;0.24;Sell;1.04763;1.04669;2009/12/17 23:13:22;2009/12/18 00:52:53;21.55;-0.16;0;1.04163;1.05395;9.4;Win;1.66;33333337;;-0.00201;0.00142;example
Closed position;80524786;EURCHF;0.18;Buy;1.50134;1.49705;2009/12/18 00:12:52;2009/12/18 01:29:33;-73.92;0;0;1.50734;1.49705;-42.9;Loss;1.28;33333337;;-0.00567;0.00049;example
Closed position;81014192;EURGBP;0.18;Sell;0.89027;0.88998;2009/12/21 23:01:51;2009/12/21 23:58:15;8.38;0;0;0.88427;0.89661;2.9;Win;0.94;33333337;;0;0;example
Closed position;81014954;USDCHF;0.24;Sell;1.04691;1.04638;2009/12/21 23:04:17;2009/12/22 00:04:24;12.16;-0.21;0;1.04191;1.05023;5.3;Win;1;77777773;;-0.00011;0.00179;example
Closed position;81015382;EURCHF;0.16;Sell;1.4944;1.4937;2009/12/21 23:05:00;2009/12/22 00:06:04;10.71;-0.21;0;1.4884;1.4987;7;Win;1.02;33333337;;-0.00019;0.00123;example
Closed position;81015093;EURUSD;0.18;Buy;1.4269;1.42761;2009/12/21 23:04:35;2009/12/22 00:08:44;12.78;0.02;0;1.4319;1.4227;7.1;Win;1.07;77777773;;-0.00031;0.00092;example
Closed position;81015221;EURUSD;0.16;Buy;1.42666;1.42824;2009/12/21 23:04:41;2009/12/22 00:46:11;25.28;0.02;0;1.43266;1.42048;15.8;Win;1.69;33333337;;-0.00009;0.00202;example
Closed position;81014873;USDCHF;0.24;Sell;1.04633;1.04545;2009/12/21 23:03:50;2009/12/22 00:49:29;20.2;-0.21;0;1.04033;1.05265;8.8;Win;1.76;33333337;;-0.00064;0.00121;example
Closed position;81025587;EURGBP;0.18;Sell;0.89027;0.88965;2009/12/22 00:47:35;2009/12/22 01:03:52;17.93;0;0;0.88527;0.89455;6.2;Win;0.27;77777773;;-0.00004;0.00103;example
Closed position;81255200;EURGBP;0.18;Sell;0.89308;0.89291;2009/12/22 23:26:32;2009/12/23 00:26:38;4.89;0.14;0;0.88808;0.89758;1.7;Win;1;77777773;;-0.00004;0.00069;example
Closed position;81262525;EURCHF;0.18;Sell;1.49449;1.49567;2009/12/23 00:46:07;2009/12/23 05:46:09;-20.23;0;0;1.48849;1.49877;-11.8;Loss;5;33333337;;-0.00148;-0.00008;example
Closed position;81253939;EURGBP;0.18;Sell;0.89276;0.89466;2009/12/22 23:16:50;2009/12/23 11:16:52;-54.49;0.14;0;0.88676;0.89906;-19.0;Loss;12;33333337;;-0.00244;0.00153;example
Closed position;81463916;USDCHF;0.24;Sell;1.03938;1.03901;2009/12/23 23:10:57;2009/12/24 02:32:04;8.55;-0.55;0;1.03338;1.04576;3.7;Win;3.35;33333337;;-0.00029;0.00081;example
Closed position;81463629;EURCHF;0.18;Sell;1.48955;1.49036;2009/12/23 23:06:43;2009/12/24 04:06:49;-14.04;-1.05;0;1.48355;1.49388;-8.1;Loss;5;33333337;;-0.00081;0.00016;example
Closed position;81721599;EURCHF;0.18;Sell;1.48831;1.48825;2009/12/28 23:17:31;2009/12/29 01:27:25;1.04;-0.14;0;1.48231;1.4926;0.6;Win;2.16;33333337;;-0.00097;0.00021;example
Closed position;81721793;USDCHF;0.24;Sell;1.03515;1.0351;2009/12/28 23:20:27;2009/12/29 06:30:18;1.16;-0.14;0;1.02915;1.04147;0.5;Win;7.16;33333337;;-0.00158;0.00036;example
Closed position;82524796;EURCHF;0.18;Sell;1.48445;1.48443;2010/01/04 23:10:47;2010/01/05 01:11:21;0.35;-0.1;0;1.47845;1.48873;0.2;Win;2.01;33333337;;-0.0005;0.0004;example
Closed position;82745713;USDCHF;0.24;Sell;1.03368;1.03365;2010/01/05 23:02:18;2010/01/06 00:50:20;0.7;-0.19;0;1.02768;1.04;0.3;Win;1.8;33333337;;-0.00094;0.00024;example
Closed position;82753795;EURGBP;0.18;Sell;0.89879;0.89849;2010/01/06 00:15:22;2010/01/06 01:20:04;8.62;0;0;0.89379;0.90304;3.0;Win;1.08;77777773;;-0.0004;0.0007;example
Closed position;83034114;EURUSD;0.18;Buy;1.43948;1.4405;2010/01/06 23:42:16;2010/01/07 00:16:59;18.36;-0.05;0;1.44448;1.4281;10.2;Win;0.58;77777773;;-0.00011;0.00102;example
Closed position;83031100;USDCHF;0.24;Sell;1.02803;1.02701;2010/01/06 23:26:59;2010/01/07 01:01:50;23.84;-0.63;0;1.02203;1.03435;10.2;Win;1.58;33333337;;-0.00032;0.00383;example
Closed position;83767232;EURGBP;0.18;Buy;0.90046;0.90106;2010/01/11 22:56:32;2010/01/11 23:33:03;17.38;0;0;0.90546;0.89617;6.0;Win;0.61;77777773;;-0.00057;0.0006;example
Closed position;83777934;EURCHF;0.18;Sell;1.47499;1.4746;2010/01/12 00:49:56;2010/01/12 02:16:03;6.89;0;0;1.46899;1.47927;3.9;Win;1.44;33333337;;-0.00045;0.00087;example
Closed position;83771004;EURUSD;0.18;Buy;1.45048;1.45076;2010/01/11 23:26:51;2010/01/12 07:29:59;5.04;0.02;0;1.45648;1.44522;2.8;Win;8.05;33333337;;-0.00511;0.0013;example
Closed position;83771024;USDCHF;0.24;Sell;1.01665;1.0166;2010/01/11 23:26:51;2010/01/12 08:37:33;1.18;-0.19;0;1.01065;1.02305;0.5;Win;9.18;33333337;;-0.00417;0.00108;example
Closed position;84005398;EURCHF;0.18;Sell;1.47568;1.47518;2010/01/12 23:56:08;2010/01/13 00:56:19;8.83;-0.21;0;1.46968;1.47996;5.0;Win;1;33333337;;-0.00029;0.00068;example
Closed position;84220867;USDCHF;0.26;Sell;1.01872;1.0181;2010/01/13 23:31:31;2010/01/14 00:32:32;15.83;-0.76;0;1.01272;1.02501;6.2;Win;1.02;33333337;;-0.00029;0.00134;example
Closed position;84226782;EURCHF;0.18;Sell;1.47761;1.47855;2010/01/14 00:34:12;2010/01/14 05:34:33;-16.63;0;0;1.47161;1.48189;-9.4;Loss;5.01;33333337;;-0.00108;-0.00001;example
Closed position;84464487;EURCHF;0.18;Sell;1.47717;1.47712;2010/01/14 23:13:46;2010/01/15 01:31:47;0.88;-0.28;0;1.47117;1.48153;0.5;Win;2.3;33333337;;-0.00037;0.00022;example
Closed position;84464868;USDCHF;0.26;Sell;1.01871;1.0251;2010/01/14 23:17:14;2010/01/15 03:21:12;-162.07;-0.23;0;1.01271;1.0251;-63.9;Loss;4.07;33333337;;-0.00647;0.00062;example
Closed position;84893723;USDCHF;0.24;Sell;1.02502;1.02402;2010/01/18 23:55:56;2010/01/19 00:09:36;23.44;-0.16;0;1.01902;1.03133;10.0;Win;0.23;33333337;;-0.00011;0.00141;example
Closed position;84890981;EURCHF;0.18;Sell;1.47438;1.47466;2010/01/18 23:38:34;2010/01/19 02:15:26;-4.93;-0.33;0;1.46838;1.47866;-2.8;Loss;2.61;33333337;;-0.00104;0.00034;example
Closed position;84891214;EURUSD;0.18;Sell;1.43928;1.43881;2010/01/18 23:38:45;2010/01/19 04:02:05;8.46;-0.29;0;1.43328;1.44237;4.7;Win;4.39;33333337;;-0.00212;0.00125;example
Closed position;85508362;USDCHF;0.24;Buy;1.04379;1.04415;2010/01/20 23:53:26;2010/01/21 02:44:03;8.27;0.14;0;1.04979;1.03753;3.6;Win;2.84;33333337;;-0.00181;0.00074;example
Closed position;85514116;EURCHF;0.18;Sell;1.47277;1.47359;2010/01/21 00:54:46;2010/01/21 03:01:29;-14.1;0;0;1.46677;1.47702;-8.2;Loss;2.11;33333337;;-0.00084;0.0004;example
Closed position;85816396;USDCHF;0.24;Sell;1.04304;1.04212;2010/01/21 23:41:52;2010/01/22 00:25:52;21.19;-0.12;0;1.03704;1.04929;9.2;Win;0.73;33333337;;-0.00082;0.00155;example
Closed position;85824667;EURCHF;0.18;Buy;1.46813;1.46892;2010/01/22 00:12:50;2010/01/22 00:56:05;13.65;0;0;1.47413;1.46367;7.9;Win;0.72;33333337;;-0.00066;0.00097;example
Closed position;85827510;EURGBP;0.18;Sell;0.87033;0.87033;2010/01/22 00:20:38;2010/01/22 01:21:41;0;0;0;0.86533;0.87453;0.0;B/E;1.02;77777773;;-0.0007;0.00058;example
Closed position;85833920;EURCHF;0.18;Sell;1.46886;1.46899;2010/01/22 00:54:56;2010/01/22 02:19:40;-2.25;0;0;1.46386;1.47396;-1.3;Loss;1.41;77777773;;-0.00071;0.00068;example
Closed position;85834345;EURCHF;0.18;Sell;1.46892;1.47036;2010/01/22 00:55:54;2010/01/22 05:55:58;-24.9;0;0;1.46292;1.47324;-14.4;Loss;5;33333337;;-0.00265;0.00074;example
Closed position;85814371;EURGBP;0.18;Sell;0.87003;0.86997;2010/01/21 23:31:01;2010/01/22 08:07:17;1.76;0.12;0;0.86403;0.87617;0.6;Win;8.6;33333337;;-0.00189;0.00109;example
Closed position;86477809;USDCHF;0.24;Sell;1.04002;1.03949;2010/01/25 23:34:10;2010/01/26 01:10:03;12.24;-0.18;0;1.03402;1.0463;5.3;Win;1.6;33333337;;-0.00021;0.00178;example
Closed position;86485746;EURCHF;0.18;Sell;1.47149;1.47145;2010/01/26 00:44:54;2010/01/26 03:56:59;0.69;0;0;1.46549;1.47572;0.4;Win;3.2;33333337;;-0.00062;0.00025;example
Closed position;86800061;USDCHF;0.24;Sell;1.04638;1.04586;2010/01/26 23:03:45;2010/01/27 02:04:27;11.93;-0.23;0;1.04038;1.05265;5.2;Win;3.01;33333337;;-0.00111;0.00107;example
Closed position;86810845;EURCHF;0.18;Sell;1.47282;1.47269;2010/01/27 00:50:01;2010/01/27 02:06:07;2.24;0;0;1.46682;1.47702;1.3;Win;1.27;33333337;;-0.00062;0.00048;example
Closed position;87108500;EURCHF;0.18;Sell;1.47256;1.47341;2010/01/27 23:01:02;2010/01/28 02:46:50;-14.52;-0.72;0;1.46656;1.47695;-8.5;Loss;3.76;33333337;;-0.00136;0.00109;example
Closed position;87413109;EURGBP;0.18;Buy;0.86587;0.8659;2010/01/28 22:08:14;2010/01/28 23:26:40;0.87;0;0;0.87087;0.86014;0.3;Win;1.31;77777773;;-0.00081;0.00011;example
Closed position;87413859;EURUSD;0.18;Buy;1.39656;1.3963;2010/01/28 22:11:10;2010/01/29 01:00:06;-4.68;0.04;0;1.40156;1.39246;-2.6;Loss;2.82;77777773;;-0.00138;0.00073;example
Closed position;87425844;USDCHF;0.24;Sell;1.05262;1.05261;2010/01/28 23:33:49;2010/01/29 03:33:51;0.23;-0.18;0;1.04662;1.05897;0.1;Win;4;33333337;;-0.00232;0.00084;example
Closed position;87425665;EURUSD;0.18;Buy;1.39591;1.39592;2010/01/28 23:33:47;2010/01/29 08:51:58;0.18;0.04;0;1.40191;1.39031;0.1;Win;9.3;33333337;;-0.00472;0.00101;example
Closed position;88040626;USDCHF;0.24;Buy;1.05572;1.05592;2010/02/01 22:03:31;2010/02/01 23:33:06;4.55;0;0;1.06072;1.05258;2.0;Win;1.49;77777773;;-0.00019;0.00139;example
Closed position;88057729;EURCHF;0.18;Sell;1.47157;1.47152;2010/02/02 00:15:23;2010/02/02 02:17:26;0.85;0;0;1.46557;1.47584;0.5;Win;2.03;33333337;;-0.0004;0.00043;example
Closed position;88343805;USDCHF;0.24;Sell;1.05556;1.05452;2010/02/02 23:12:55;2010/02/03 00:36:30;23.67;-0.16;0;1.04956;1.06169;10.4;Win;1.39;33333337;;-0.00011;0.00124;example
Closed position;88343400;EURCHF;0.18;Sell;1.47355;1.4735;2010/02/02 23:11:38;2010/02/03 02:11:19;0.86;-0.24;0;1.46755;1.47761;0.5;Win;2.99;33333337;;-0.00073;0.00013;example
Closed position;88636745;EURCHF;0.18;Sell;1.47197;1.47151;2010/02/03 23:01:24;2010/02/03 23:25:55;7.81;0;0;1.46597;1.47636;4.6;Win;0.41;33333337;;-0.00019;0.0008;example
Closed position;88634364;EURUSD;0.18;Buy;1.3888;1.38935;2010/02/03 22:51:11;2010/02/04 00:31:24;9.9;-0.27;0;1.3938;1.38471;5.5;Win;1.67;77777773;;-0.00062;0.00088;example
Closed position;88647354;EURGBP;0.18;Buy;0.87341;0.87344;2010/02/04 00:02:54;2010/02/04 01:05:03;0.86;0;0;0.87841;0.86929;0.3;Win;1.04;77777773;;-0.00047;0.00019;example
Closed position;88643326;USDCHF;0.24;Buy;1.05862;1.05932;2010/02/03 23:44:51;2010/02/04 01:38:01;15.86;0;0;1.06462;1.0524;7.0;Win;1.89;33333337;;-0.00062;0.00089;example
Closed position;88996746;EURUSD;0.18;Buy;1.37201;1.37351;2010/02/04 23:13:46;2010/02/05 00:06:44;27;-0.09;0;1.37801;1.36312;15.0;Win;0.88;33333337;;-0.0003;0.00153;example
Closed position;88996665;EURGBP;0.18;Buy;0.87049;0.87111;2010/02/04 23:13:41;2010/02/05 00:07:22;17.6;-0.4;0;0.87649;0.86428;6.2;Win;0.89;33333337;;-0.00004;0.00115;example
Closed position;88991988;EURGBP;0.18;Buy;0.87122;0.87132;2010/02/04 22:54:01;2010/02/05 00:16:55;2.84;-0.4;0;0.87622;0.8671;1.0;Win;1.38;77777773;;-0.00145;0.00042;example
Closed position;88993701;USDCHF;0.24;Sell;1.06683;1.0658;2010/02/04 23:00:09;2010/02/05 00:56:56;23.19;-0.16;0;1.06083;1.0732;10.3;Win;1.95;33333337;;-0.00024;0.00113;example
Closed position;89006575;EURGBP;0.18;Sell;0.87122;0.87121;2010/02/05 00:16:49;2010/02/05 01:53:41;0.28;0;0;0.86622;0.87595;0.1;Win;1.61;77777773;;-0.0004;0.00124;example
Closed position;89750379;EURGBP;0.18;Sell;0.87625;0.87588;2010/02/08 23:04:25;2010/02/09 00:04:28;10.39;-0.56;0;0.87125;0.88051;3.7;Win;1;77777773;;-0.00061;0.00079;example
Closed position;89751866;USDCHF;0.26;Sell;1.07363;1.07262;2010/02/08 23:06:55;2010/02/09 00:28:28;24.48;-0.19;0;1.06763;1.08;10.1;Win;1.36;33333337;;-0.00011;0.00144;example
Closed position;89768890;EURGBP;0.18;Sell;0.87682;0.87626;2010/02/09 00:57:27;2010/02/09 01:05:14;15.72;0;0;0.87182;0.88096;5.6;Win;0.13;77777773;;-0.00008;0.00105;example
Closed position;89765834;EURCHF;0.18;Sell;1.46552;1.46727;2010/02/09 00:25:07;2010/02/09 05:25:09;-29.38;0;0;1.45952;1.46975;-17.5;Loss;5;33333337;;-0.00265;0.00085;example
Closed position;90082443;EURGBP;0.18;Buy;0.87736;0.87765;2010/02/09 22:00:39;2010/02/09 23:03:59;8.2;0;0;0.88236;0.87327;2.9;Win;1.06;77777773;;-0.00035;0.00079;example
Closed position;90092507;EURUSD;0.18;Sell;1.37992;1.37917;2010/02/09 23:04:37;2010/02/09 23:34:43;13.5;0;0;1.37492;1.38407;7.5;Win;0.5;77777773;;-0.00012;0.00111;example
Closed position;90092237;EURUSD;0.18;Sell;1.37973;1.37817;2010/02/09 23:04:25;2010/02/10 00:54:20;28.08;-0.31;0;1.37373;1.38553;15.6;Win;1.83;33333337;;-0.00034;0.00164;example
Closed position;90097322;EURCHF;0.18;Sell;1.46835;1.46819;2010/02/09 23:28:25;2010/02/10 03:25:02;2.7;-0.37;0;1.46235;1.47262;1.6;Win;3.94;33333337;;-0.00074;0.00065;example
Closed position;90433440;EURCHF;0.2;Buy;1.46584;1.46636;2010/02/11 00:18:38;2010/02/11 00:29:57;9.75;0;0;1.47184;1.46157;5.2;Win;0.19;33333337;;0;0;example
Closed position;91369899;EURCHF;0.2;Sell;1.46546;1.46549;2010/02/16 00:36:35;2010/02/16 04:51:23;-0.55;0;0;1.45946;1.46967;-0.3;Loss;4.25;33333337;;-0.00108;0.00002;example
Closed position;91673790;USDCHF;0.26;Sell;1.06651;1.06611;2010/02/16 23:59:41;2010/02/17 01:39:09;9.76;0;0;1.06051;1.07271;4.0;Win;1.66;33333337;;-0.00031;0.00083;example
Closed position;92005344;EURUSD;0.2;Buy;1.35954;1.35999;2010/02/17 22:32:45;2010/02/17 23:03:01;9;0;0;1.36454;1.35542;4.5;Win;0.5;77777773;;-0.0004;0.00111;example
Closed position;92361409;EURUSD;0.2;Buy;1.35791;1.35381;2010/02/18 22:32:31;2010/02/18 22:36:17;-82;0;0;1.36291;1.35381;-41.0;Loss;0.06;77777773;;-0.0075;-0.00009;example
Closed position;92361392;USDCHF;0.26;Sell;1.07992;1.08312;2010/02/18 22:32:30;2010/02/18 22:36:55;-76.82;0;0;1.07492;1.08312;-32.0;Loss;0.07;77777773;;0;0;example
Closed position;92371760;EURGBP;0.18;Buy;0.87033;0.86993;2010/02/18 22:37:41;2010/02/18 22:39:14;-11.21;0;0;0.87533;0.86601;-4.0;Loss;0.03;77777773;;0;0;example
Closed position;92376986;EURCHF;0.18;Buy;1.46537;1.46642;2010/02/18 22:39:14;2010/02/18 22:40:54;17.47;0;0;1.47037;1.46108;10.5;Win;0.03;77777773;;0;0;example
Closed position;92380221;EURGBP;0.18;Buy;0.87006;0.8707;2010/02/18 22:41:22;2010/02/18 22:41:59;17.94;0;0;0.87506;0.86597;6.4;Win;0.01;77777773;;0;0;example
Closed position;92380492;EURCHF;0.18;Buy;1.46554;1.46655;2010/02/18 22:41:31;2010/02/18 22:56:29;16.78;0;0;1.47054;1.46117;10.1;Win;0.25;77777773;;-0.00071;0.00101;example
Closed position;92409127;EURUSD;0.18;Buy;1.3495;1.35105;2010/02/18 23:38:47;2010/02/18 23:41:31;27.9;0;0;1.3555;1.33446;15.5;Win;0.05;33333337;;-0.00009;0.00155;example
Closed position;92406325;USDCHF;0.26;Sell;1.08498;1.08826;2010/02/18 23:34:11;2010/02/19 00:50:48;-78.36;-0.53;0;1.07998;1.08826;-32.8;Loss;1.28;77777773;;-0.00414;-0.00011;example
Closed position;92439007;EURCHF;0.18;Buy;1.46454;1.46586;2010/02/19 00:52:19;2010/02/19 02:15:13;21.84;0;0;1.47054;1.46021;13.2;Win;1.38;33333337;;-0.00038;0.00136;example
Closed position;92435204;EURGBP;0.18;Sell;0.87212;0.87383;2010/02/19 00:49:37;2010/02/19 03:49:39;-47.47;0;0;0.86712;0.87625;-17.1;Loss;3;77777773;;-0.00265;-0.00001;example
Closed position;92409017;USDCHF;0.24;Sell;1.08533;1.08523;2010/02/18 23:38:38;2010/02/19 10:07:49;2.21;-0.49;0;1.07933;1.09568;1.0;Win;10.49;33333337;;-0.00457;0.00104;example
Closed position;93013958;USDCHF;0.24;Buy;1.07498;1.07599;2010/02/22 23:04:38;2010/02/22 23:20:32;22.53;0;0;1.07998;1.07178;10.1;Win;0.26;77777773;;0;0;example
Closed position;93013781;USDCHF;0.24;Buy;1.07527;1.07631;2010/02/22 23:04:21;2010/02/23 00:29:27;23.19;0;0;1.08127;1.06898;10.4;Win;1.42;33333337;;-0.00011;0.00117;example
Closed position;93013695;EURCHF;0.18;Buy;1.46238;1.46308;2010/02/22 23:04:18;2010/02/23 01:04:22;11.72;0.03;0;1.46838;1.45802;7.0;Win;2;33333337;;-0.00019;0.0011;example
Closed position;93441716;EURGBP;0.18;Buy;0.87528;0.87548;2010/02/23 23:08:23;2010/02/24 00:12:37;5.56;-0.36;0;0.88028;0.87109;2.0;Win;1.07;77777773;;-0.00004;0.0004;example
Closed position;93441734;EURGBP;0.18;Buy;0.87528;0.87576;2010/02/23 23:08:24;2010/02/24 01:47:39;13.34;-0.36;0;0.88128;0.86909;4.8;Win;2.65;33333337;;-0.00015;0.00067;example
Closed position;94260342;EURCHF;0.18;Sell;1.46359;1.46367;2010/02/26 00:44:26;2010/02/26 02:41:03;-1.34;0;0;1.45759;1.46777;-0.8;Loss;1.94;33333337;;-0.00075;0.00024;example
Closed position;95015755;EURGBP;0.18;Sell;0.90538;0.90549;2010/03/02 00:38:56;2010/03/02 01:51:27;-2.96;0;0;0.90038;0.91508;-1.1;Loss;1.21;77777773;;-0.00044;0.00035;example
Closed position;95442829;EURCHF;0.18;Sell;1.46338;1.46335;2010/03/03 00:19:51;2010/03/03 02:42:26;0.51;0;0;1.45738;1.46759;0.3;Win;2.38;33333337;;-0.00042;0.00013;example
Closed position;95445957;EURGBP;0.18;Buy;0.90877;0.90569;2010/03/03 00:43:13;2010/03/03 03:43:22;-83.47;0;0;0.91377;0.90169;-30.8;Loss;3;77777773;;-0.0038;-0.00004;example
Closed position;95864455;EURGBP;0.18;Sell;0.90772;0.90811;2010/03/04 00:24:02;2010/03/04 03:24:04;-10.6;0;0;0.90272;0.91185;-3.9;Loss;3;77777773;;-0.00069;0.0005;example
Closed position;95855601;EURCHF;0.18;Sell;1.46273;1.46302;2010/03/03 23:36:14;2010/03/04 04:36:42;-4.88;-0.7;0;1.45673;1.46696;-2.9;Loss;5.01;33333337;;-0.00063;0;example
Closed position;96861639;USDCHF;0.24;Sell;1.07358;1.07371;2010/03/08 23:37:11;2010/03/09 01:31:55;-2.91;-0.18;0;1.06758;1.07969;-1.3;Loss;1.91;33333337;;-0.0012;0.00046;example
Closed position;96862057;EURGBP;0.18;Sell;0.90545;0.90736;2010/03/08 23:37:36;2010/03/09 02:37:46;-51.61;-0.19;0;0.90045;0.90964;-19.1;Loss;3;77777773;;-0.00217;0.00057;example
Closed position;96862193;EURUSD;0.18;Buy;1.36268;1.36335;2010/03/08 23:37:38;2010/03/09 04:55:03;12.06;-0.02;0;1.36868;1.35963;6.7;Win;5.29;33333337;;-0.00201;0.00079;example
Closed position;96858063;EURGBP;0.18;Sell;0.90495;0.90809;2010/03/08 23:05:44;2010/03/09 11:05:46;-84.58;-0.19;0;0.89895;0.91109;-31.4;Loss;12;33333337;;-0.00479;0.00007;example
Closed position;97168630;EURGBP;0.18;Sell;0.90713;0.90648;2010/03/09 23:40:09;2010/03/10 00:41:17;17.57;-0.08;0;0.90113;0.91317;6.5;Win;1.02;33333337;;-0.00004;0.00111;example
Closed position;97771737;EURCHF;0.18;Sell;1.46181;1.46233;2010/03/12 00:04:53;2010/03/12 05:06:30;-8.77;0;0;1.45581;1.46597;-5.2;Loss;5.03;33333337;;-0.0007;0.00007;example
Closed position;98351781;EURCHF;0.18;Sell;1.45248;1.45234;2010/03/15 23:10:16;2010/03/16 00:10:43;2.38;-0.25;0;1.44648;1.45664;1.4;Win;1.01;33333337;;-0.00019;0.00033;example
Closed position;98734637;EURCHF;0.18;Sell;1.45259;1.4531;2010/03/16 23:51:44;2010/03/17 04:51:50;-8.71;-0.24;0;1.44659;1.45669;-5.1;Loss;5;33333337;;-0.00107;0.00009;example
Closed position;99088524;EURCHF;0.18;Sell;1.44845;1.448;2010/03/18 00:48:46;2010/03/18 02:25:30;7.67;0;0;1.44245;1.45263;4.5;Win;1.61;33333337;;-0.00019;0.00058;example
Closed position;99071438;USDCHF;0.24;Sell;1.05436;1.06053;2010/03/17 23:00:03;2010/03/18 16:11:52;-139.63;-0.68;0;1.04836;1.06053;-61.7;Loss;17.2;33333337;;-0.01041;0.00041;example
Closed position;100133251;EURCHF;0.18;Sell;1.43492;1.43481;2010/03/23 00:44:07;2010/03/23 01:45:37;1.87;0;0;1.42892;1.43908;1.1;Win;1.02;33333337;;-0.00046;0.00025;example
Closed position;100472938;USDCHF;0.24;Sell;1.05759;1.05709;2010/03/23 23:58:49;2010/03/24 01:22:30;11.35;-0.23;0;1.05159;1.06378;5.0;Win;1.39;33333337;;-0.00168;0.0016;example
Closed position;100482771;EURCHF;0.18;Buy;1.42565;1.42561;2010/03/24 00:43:43;2010/03/24 04:43:45;-0.68;0;0;1.43065;1.42146;-0.4;Loss;4;77777773;;-0.00245;-0.00004;example
Closed position;100481822;EURCHF;0.18;Buy;1.42648;1.4251;2010/03/24 00:38:22;2010/03/24 05:38:24;-23.45;0;0;1.43248;1.42229;-13.8;Loss;5;33333337;;-0.00328;-0.00019;example
Closed position;100907442;USDCHF;0.24;Buy;1.07204;1.07208;2010/03/24 23:34:28;2010/03/25 06:05:43;0.9;0.13;0;1.07804;1.06584;0.4;Win;6.52;33333337;;-0.00201;0.0021;example
Closed position;101322166;EURGBP;0.18;Sell;0.89658;0.8963;2010/03/25 22:53:48;2010/03/25 23:23:39;7.46;0;0;0.89058;0.90279;2.8;Win;0.5;33333337;;-0.00004;0.00079;example
Closed position;101332202;USDCHF;0.24;Sell;1.07434;1.07334;2010/03/25 23:50:24;2010/03/26 00:22:50;22.36;-0.6;0;1.06834;1.08052;10.0;Win;0.54;33333337;;-0.00011;0.0025;example
Closed position;101340153;EURCHF;0.18;Sell;1.42618;1.42865;2010/03/26 00:26:07;2010/03/26 05:29:34;-41.52;0;0;1.42018;1.43024;-24.7;Loss;5.06;33333337;;-0.00259;0.00045;example
Closed position;103195940;EURUSD;0.18;Sell;1.35818;1.3581;2010/04/01 21:30:47;2010/04/01 23:29:39;1.44;0;0;1.35318;1.36226;0.8;Win;1.98;77777773;;-0.00095;0.00021;example
Closed position;103230974;EURCHF;0.18;Sell;1.43263;1.43259;2010/04/02 01:19:20;2010/04/02 03:19:25;0.68;0;0;1.42663;1.43689;0.4;Win;2;33333337;;-0.0004;0.00056;example
Closed position;103228264;EURGBP;0.18;Sell;0.88837;0.88836;2010/04/02 00:40:02;2010/04/02 08:11:44;0.27;0;0;0.88237;0.89451;0.1;Win;7.53;33333337;;-0.00109;0.00025;example
Closed position;104404445;USDCHF;0.24;Sell;1.07457;1.07381;2010/04/07 23:07:16;2010/04/08 00:07:54;16.99;-0.6;0;1.06957;1.07794;7.6;Win;1.01;77777773;;-0.00011;0.00125;example
Closed position;104422744;EURGBP;0.18;Buy;0.87566;0.87516;2010/04/08 01:42:44;2010/04/08 04:42:56;-13.7;0;0;0.88066;0.86352;-5.0;Loss;3;77777773;;-0.00082;0.00027;example
Closed position;105428895;USDCHF;0.24;Buy;1.05927;1.05998;2010/04/13 00:26:31;2010/04/13 01:56:48;16.08;0;0;1.06527;1.05305;7.1;Win;1.5;33333337;;-0.00035;0.00073;example
Closed position;105433484;EURCHF;0.18;Sell;1.44029;1.43981;2010/04/13 01:21:09;2010/04/13 02:10:40;8.15;0;0;1.43429;1.44445;4.8;Win;0.83;33333337;;-0.00058;0.00089;example
Closed position;105791209;EURCHF;0.18;Sell;1.43518;1.43514;2010/04/14 01:43:16;2010/04/14 05:34:21;0.69;0;0;1.42918;1.43938;0.4;Win;3.85;33333337;;-0.00105;0.00048;example
Closed position;106088312;USDCHF;0.24;Buy;1.05142;1.05169;2010/04/15 00:40:34;2010/04/15 02:54:44;6.16;0;0;1.05742;1.04533;2.7;Win;2.24;33333337;;-0.00074;0.00041;example
Closed position;106395132;EURCHF;0.18;Sell;1.43424;1.43371;2010/04/16 01:16:58;2010/04/16 02:16:42;9.02;0;0;1.42824;1.43839;5.3;Win;1;33333337;;-0.00019;0.00053;example
